/scratch/kgrosse/SkillPoV/dataset/repos/ASAD5401/chatbot-alexa-foodapp/lambda/index.js,You just triggered ${intentName}
/scratch/kgrosse/SkillPoV/dataset/repos/ASAD5401/chatbot-alexa-foodapp/lambda/index.js,Hello World!
/scratch/kgrosse/SkillPoV/dataset/repos/ASAD5401/chatbot-alexa-foodapp/lambda/index.js,"Sorry, I don\"
/scratch/kgrosse/SkillPoV/dataset/repos/ASAD5401/chatbot-alexa-foodapp/lambda/index.js,"Welcome, you can say Hello or Help. Which would you like to try?"
/scratch/kgrosse/SkillPoV/dataset/repos/ASAD5401/chatbot-alexa-foodapp/lambda/index.js,~~~~ Error handled: ${JSON.stringify(error)}
/scratch/kgrosse/SkillPoV/dataset/repos/ASAD5401/chatbot-alexa-foodapp/lambda/index.js,"Sorry, I had trouble doing what you asked. Please try again."
/scratch/kgrosse/SkillPoV/dataset/repos/ASAD5401/chatbot-alexa-foodapp/lambda/index.js,~~~~ Session ended: ${JSON.stringify(handlerInput.requestEnvelope)}
/scratch/kgrosse/SkillPoV/dataset/repos/ASAD5401/chatbot-alexa-foodapp/lambda/index.js,You can say hello to me! How can I help?
/scratch/kgrosse/SkillPoV/dataset/repos/ASAD5401/chatbot-alexa-foodapp/lambda/local-debugger.js,The TCP server will listen on a port that is free.
/scratch/kgrosse/SkillPoV/dataset/repos/ASAD5401/chatbot-alexa-foodapp/lambda/local-debugger.js,Connection from: ${socket.remoteAddress}:${socket.remotePort}
/scratch/kgrosse/SkillPoV/dataset/repos/ASAD5401/chatbot-alexa-foodapp/lambda/local-debugger.js,Starting server on port: ${localDebugger.address().port}.
/scratch/kgrosse/SkillPoV/dataset/repos/ASAD5401/chatbot-alexa-foodapp/lambda/local-debugger.js,Check logs to find out what port number is being used
/scratch/kgrosse/SkillPoV/dataset/repos/ASAD5401/chatbot-alexa-foodapp/lambda/local-debugger.js,Port number has to be an integer - ${portNumberArgument}.
/scratch/kgrosse/SkillPoV/dataset/repos/ASAD5401/chatbot-alexa-foodapp/lambda/local-debugger.js,"Port out of legal range: ${portNumberArgument}. The port number should be in the range [0, 65535]"
/scratch/kgrosse/SkillPoV/dataset/repos/ASAD5401/chatbot-alexa-foodapp/lambda/local-debugger.js,Required argument - ${argumentName} not provided.
/scratch/kgrosse/SkillPoV/dataset/repos/ASAD5401/chatbot-alexa-foodapp/lambda/local-debugger.js,File not found: ${fileNameArgument}
/scratch/kgrosse/SkillPoV/dataset/repos/ASAD5401/chatbot-alexa-foodapp/lambda/local-debugger.js,Request envelope: ${JSON.stringify(body)}
/scratch/kgrosse/SkillPoV/dataset/repos/ASAD5401/chatbot-alexa-foodapp/lambda/local-debugger.js,HTTP/1.1 200 OK${httpHeaderDelimeter}Content-Type: application/json;charset=UTF-8${httpHeaderDelimeter}Content-Length: ${response.length}${httpBodyDelimeter}${response}
/scratch/kgrosse/SkillPoV/dataset/repos/ASAD5401/chatbot-alexa-foodapp/lambda/local-debugger.js,Response envelope: ${response}
/scratch/kgrosse/SkillPoV/dataset/repos/ASAD5401/chatbot-alexa-foodapp/lambda/util.js,Util.s3PreSignedUrl: ${s3ObjectKey} URL ${s3PreSignedUrl}
